{
	"CameraRotation":[
		0.2808051109313965,
		21.08354949951172,
		0.0
	],
	"CameraPosition":[
		3.6807031631469727,
		10.617000579833984,
		15.614429473876953
	]
}