{
	"CameraRotation":[
		0.2658025324344635,
		11.693571090698242,
		0.0
	],
	"CameraPosition":[
		12.970647811889648,
		7.710019111633301,
		3.0047197341918945
	]
}