{
	"CameraRotation":[
		0.1708044409751892,
		18.067977905273438,
		0.0
	],
	"CameraPosition":[
		10.994396209716797,
		5.728825569152832,
		7.013618469238281
	]
}