{
	"CameraRotation":[
		0.30330508947372437,
		21.47857093811035,
		0.0
	],
	"CameraPosition":[
		5.353302955627441,
		12.741539001464844,
		18.520854949951172
	]
}