{
	"CameraRotation":[
		0.19580519199371338,
		21.066062927246094,
		0.0
	],
	"CameraPosition":[
		3.6807031631469727,
		10.617000579833984,
		15.614429473876953
	]
}