{
	"CameraRotation":[
		0.10830551385879517,
		23.391084671020508,
		0.0
	],
	"CameraPosition":[
		11.135805130004883,
		5.385651588439941,
		12.55552864074707
	]
}