{
	"CameraRotation":[
		-0.18249952793121338,
		-4.24498987197876,
		0.0
	],
	"CameraPosition":[
		12.509222030639648,
		3.7442922592163086,
		8.897134780883789
	]
}