{
	"CameraRotation":[
		0.250805139541626,
		20.98856544494629,
		0.0
	],
	"CameraPosition":[
		3.6807031631469727,
		10.617000579833984,
		15.614429473876953
	]
}