{
	"CameraRotation":[
		0.4808051586151123,
		20.9860782623291,
		0.0
	],
	"CameraPosition":[
		1.023916244506836,
		13.83228874206543,
		18.493206024169922
	]
}