{
	"CameraRotation":[
		0.08080270886421204,
		11.646079063415527,
		0.0
	],
	"CameraPosition":[
		2.9338202476501465,
		5.534518241882324,
		11.508001327514648
	]
}