{
	"CameraRotation":[
		0.34580355882644653,
		11.09062385559082,
		0.0
	],
	"CameraPosition":[
		22.695785522460938,
		7.436031341552734,
		9.839916229248047
	]
}