{
	"CameraRotation":[
		0.1758054494857788,
		20.93606185913086,
		0.0
	],
	"CameraPosition":[
		1.023916244506836,
		10.165628433227539,
		18.493206024169922
	]
}