{
	"CameraRotation":[
		-0.1874995231628418,
		-4.307499885559082,
		0.0
	],
	"CameraPosition":[
		12.509222030639648,
		3.7442922592163086,
		8.897134780883789
	]
}