{
	"CameraRotation":[
		-0.19419452548027039,
		27.158546447753906,
		0.0
	],
	"CameraPosition":[
		-8.848970413208008,
		5.362695693969727,
		16.699748992919922
	]
}