{
	"CameraRotation":[
		0.048301875591278076,
		10.659287452697754,
		0.0
	],
	"CameraPosition":[
		18.093441009521484,
		3.427621364593506,
		6.5616655349731445
	]
}