{
	"CameraRotation":[
		0.23580524325370789,
		21.091053009033203,
		0.0
	],
	"CameraPosition":[
		-0.5488272905349731,
		8.613410949707031,
		20.977909088134766
	]
}