{
	"CamPos":[
		-7.899224758148193,
		5.294315338134766,
		-238.26779174804688
	],
	"EditMode":"RoomConnectionEditor",
	"CamRot":[
		0.37829816341400146,
		-36.09623336791992,
		0.0
	]
}