{
	"CamPos":[
		13.2132568359375,
		15.015863418579102,
		-241.21603393554688
	],
	"EditMode":"RoomObjectEditor",
	"CamRot":[
		0.31079787015914917,
		-38.76591873168945,
		0.0
	]
}