{
	"CameraRotation":[
		0.341303288936615,
		27.10711097717285,
		0.0
	],
	"CameraPosition":[
		-6.922064781188965,
		9.750926971435547,
		11.82591438293457
	]
}