{
	"StaticFriction":0.000001,
	"DynamicFriction":0.000001,
	"Restitution":0.000001
}